<?xml version="1.0" encoding="utf-8" ?>


<configuration>

    <!--配置控制台的输出-->
    <appender name="consolelog" class="ch.qos.logback.core.ConsoleAppender">
        <layout class="ch.qos.logback.classic.PatternLayout">
            <pattern> %d- %msg%n</pattern>
        </layout>
    </appender>
    <!--文件输出info日志的配置-->
    <appender name="fileInfolog" class="ch.qos.logback.core.rolling.RollingFileAppender">
        <!--为了在info中不出现error的日志，因为error的日志级别最高，所以我们不用普通的过滤器，而是在权限过滤器下匹配相应级别的日志，进行筛选-->
        <!--筛选的级别有三种 DENY ACCEPT  NEUTRAL  禁止，接受和中立   具体看类 filterReply-->
        <filter class="ch.qos.logback.classic.filter.LevelFilter">
            <!--设置权限-->
            <level>ERROR</level>
            <!--命中-->
            <onMatch>DENY</onMatch>
            <!--未命中-->
            <onMismatch>ACCEPT</onMismatch>
        </filter>
        <encoder>
            <pattern>
                %d - %msg%n
            </pattern>
        </encoder>
        <!--滚动策略 按照时间来滚动 每日创建一个日志文件-->
        <rollingPolicy class="ch.qos.logback.core.rolling.TimeBasedRollingPolicy">
            <fileNamePattern>C:/BaiduYunDownload/nmys/fileInfolog%d.log</fileNamePattern>
        </rollingPolicy>
    </appender>
    <!--文件输出error日志的配置-->
    <appender name="fileErrorlog" class="ch.qos.logback.core.rolling.RollingFileAppender">
        <!--为了在error日志中没有info日志，所以我们设置一个过滤器 记住是ThresholdFilter，不是levelFilter-->
        <filter class = "ch.qos.logback.classic.filter.ThresholdFilter">
            <level>ERROR</level>
        </filter>
        <encoder>
            <pattern>
                %d - %msg%n
            </pattern>
        </encoder>
        <!--滚动策略 按照时间来滚动-->
        <rollingPolicy class="ch.qos.logback.core.rolling.TimeBasedRollingPolicy">
            <fileNamePattern>C:/BaiduYunDownload/nmys/fileErrorlog%d.log</fileNamePattern>
        </rollingPolicy>
    </appender>
    <root level="info">
        <appender-ref ref="consolelog"/>
        <appender-ref ref="fileInfolog"/>
        <appender-ref ref="fileErrorlog"/>
    </root>
</configuration>